{
  "loginData": [
    {
      "id": 1,
      "userName": "Sharmila",
      "password": "sharmila",
      "status": 200
    }
  ],
  "EmployeeData": [
    {
      "Name": "Sharmila",
      "Age": "26",
      "Gender": "Female",
      "Occupation": "Engineer"
    },
    {
      "Name": "John",
      "Age": "27",
      "Gender": "Male",
      "Occupation": "Doctor"
    },
    {
      "Name": "Texa",
      "Age": "32",
      "Gender": "Male",
      "Occupation": "Doctor"
    }
  ],
  "Status":{"status": 200}
  
  
}