{
  "location": [
      "Ahamadabad",
      "Amrister",
      "Bangalore",
      "Chennai",
      "Cochin",
      "Delhi",
      "Hyderabad",
      "Mumbai"
         
  ],
  "pickUpData": [
    {
      "id": "Bangalore",
      "address":[
        "ElectronicCity, Bangalore",
         "Marathalli, Bangalore",
         "Bohmnahalli, Bangalore",
         "WhiteField, Bangalore"
      ]
    },
    {
      "location": "Mumbai"
     
    },
    {
      "location": "chennai"
      
    }
   
  ],
  "profile": {
    "name": "typicode"
  }
}