{
  "posts": [
    {
      "id": 1,
      "title": "json-server",
      "author": "typicode"
    }
  ],
  "comments": [
    {
      "id": 1,
      "body": "some comment",
      "postId": 1
    }
  ],
  "leaveType":[
    {
      "id": 1,
      "viewValue": "Sick Leave"
    },
    {
      "id": 2,
      "viewValue": "Maternity Leave"
    },
    { 
      "id": 3,
      "viewValue": "Floating Leave"
    },
    { 
      "id": 4,
      "viewValue": "Personal Leave"
    },
    { 
      "id": 5,
      "viewValue": "Emergency Leave"
    }
  ],
  "register": [
    {
      "id": 1,
      "leaveType": [],
      "fromDate": "",
      "toDate" : ""
    },
    {
      "id": 2,
      "leaveType": "",
      "fromDate": "",
      "toDate": ""
    },
    {
      "id": 3,
      "body": "some comment",
      "postId": 1
    },
    {
      "id": 4,
      "body": "some comment",
      "postId": 1
    }
  ],
  "profile": {
    "name": "typicode"
  }
}