{
  "register": [
    {
      "firstname": "imran",
      "lastname": "ali",
      "username": "admin",
      "password": "ali@1234",
      "id": 1,
      "groupStatus": [
        {
          "groupId": 2,
          "status": "joined"
        }
      ]
    },
    {
      "firstname": "imran",
      "lastname": "imrana",
      "username": "imran",
      "password": "imrana",
      "id": 2
    },
    {
      "firstname": "shabaz",
      "lastname": "shabaz",
      "username": "shabaz",
      "password": "shabaz",
      "id": 3
    },
    {
      "firstname": "suleman",
      "lastname": "khan",
      "username": "suleman",
      "password": "suleman",
      "id": 4
    }
  ],
  "socialGrps": [
    {
      "hid": 1,
      "title": "Infosys",
      "welcome": "welcome to Infosys",
      "thumbnailImage": "assets/images/infosys.png",
      "groupStatus": true
    },
    {
      "hid": 2,
      "title": "Tech M",
      "welcome": "welcome to Tech M",
      "thumbnailImage": "assets/images/tech-m.jfif",
      "groupStatus": true
    },
    {
      "hid": 3,
      "title": "Accenture",
      "welcome": "welcome to Accenture",
      "thumbnailImage": "assets/images/accenture.png",
      "groupStatus": false
    }
  ]
}