{
  "products": [
    {
      "productId": 1,
      "productName": "One plus 7",
      "productPrice": 37000,
      "productQuantity": 10
    },
    {
      "productId": 2,
      "productName": "K20 pro",
      "productPrice": 27000,
      "productQuantity": 20
    },
    {
      "productId": 3,
      "productName": "Bravia",
      "productPrice": 60000,
      "productQuantity": 30
    },
    {
      "productId": 4,
      "productName": "LG Refrigirator",
      "productPrice": 23000,
      "productQuantity": 40
    },
    {
      "productId": 5,
      "productName": "Hush Puppies",
      "productPrice": 1800,
      "productQuantity": 50
    },
    {
      "productId": 6,
      "productName": "Ajanta Analog Wall Clock ",
      "productPrice": 2300,
      "productQuantity": 60
    },
    {
      "productId": 7,
      "productName": "IFB Microwave Oven",
      "productPrice": 9249,
      "productQuantity": 70
    },
    {
      "productId": 8,
      "productName": "Philips 8.5 W LED Bulb",
      "productPrice": 765,
      "productQuantity": 80
    },
    {
      "productId": 9,
      "productName": "Redmi Note 8 Pro",
      "productPrice": 18000,
      "productQuantity": 90
    }
  ]
}