{
  "register": [
    {
      "id": 1,
      "firstname": "imran",
      "lastname": "ali",
      "username": "i@gmail.com",
      "password": "password"
    },
    {
      "firstname": "sasas",
      "lastname": "asasas",
      "username": "sasas",
      "password": "sasasasa",
      "id": 2
    },
    {
      "firstname": "shabaz",
      "lastname": "ali",
      "username": "shabu",
      "password": "shabua",
      "id": 3
    }
  ],
  "books": {
    "travel": [
      {
        "book_Id": 1,
        "book_name": "travel 1",
        "author": "Author 2",
        "Availability": "yes",
        "no_of_books": 1
      },
      {
        "book_Id": 2,
        "book_name": "travel 2",
        "author": "Author 5",
        "Availability": "no",
        "no_of_books": 2
      }
    ],
    "novels": [
      {
        "book_Id": 1,
        "book_name": "novel 1",
        "author": "Author 2",
        "Availability": "yes",
        "no_of_books": 3
      }
    ],
    "health": [
      {
        "book_Id": 1,
        "book_name": "health 1",
        "author": "Author 2",
        "Availability": "yes",
        "no_of_books": 1
      },
      {
        "book_Id": 2,
        "book_name": "health 2",
        "author": "Author 5",
        "Availability": "no",
        "no_of_books": 2
      }
    ],
    "encyclopedia": [
      {
        "book_Id": 1,
        "book_name": "encyclopedia 1",
        "author": "Author 2",
        "Availability": "yes",
        "no_of_books": 1
      },
      {
        "book_Id": 2,
        "book_name": "encyclopedia 2",
        "author": "Author 5",
        "Availability": "no",
        "no_of_books": 2
      }
    ],
    "science": [
      {
        "book_Id": 1,
        "book_name": "science 1",
        "author": "Author 2",
        "Availability": "yes",
        "no_of_books": 1
      },
      {
        "book_Id": 2,
        "book_name": "science 2",
        "author": "Author 5",
        "Availability": "no",
        "no_of_books": 2
      }
    ]
  }
}