{
    "rates":[
        {
            "id": 1,
            "amount":"6700",
            "from": "bangalore",
            "to": "salem",
            "vehicleType":"lorry"
        },
        {
            "id": 2,
            "amount":"3000",
            "from": "bangalore",
            "to": "salem",
            "vehicleType":"407"
        },
        {
            "id": 3,
            "amount":"2000",
            "from": "bangalore",
            "to": "salem",
            "vehicleType":"Tata Ace"
        }
    ]
}