[
    {   
        "id": 1,
        "name": "Mani",
        "address": "4/545, MG street, Coimbatore",
        "mobileNumber":"9878787875"

    },
    {
        "id": 2,
        "name": "Siva",
        "address": "4/545, MG street, Coimbatore",
        "mobileNumber":"9878787875"

    },
    {
        "id": 13,
        "name": "Raj",
        "address": "4/545, MG street, Coimbatore",
        "mobileNumber":"9878787875"

    },
    {
        "id": 5,
        "name": "Ramesh",
        "address": "4/545, MG street, Coimbatore",
        "mobileNumber":"9878787875"
    },
    {
        "id": 17,
        "name": "Mahi",
        "address": "4/545, MG street, Coimbatore",
        "mobileNumber":"9878787875"
    }
]