{
    "vehicles":[
        {
            "vehicleName": "New express",
            "vehicleType": "lorry",
            "vehicleNumber": "KA43 8989",
            "amount": "2000",
            "availFrom":"bangalore",
            "availTo": "salem"
        },
        {
            "vehicleName": "New conti",
            "vehicleType": "407",
            "vehicleNumber": "KA43 6769",
            "amount": "2000",
            "availFrom":"hosur",
            "availTo": "salem"
        },
        {
            "vehicleName": "Jai travel",
            "vehicleType": "Tata Ace",
            "vehicleNumber": "KA43 6767",
            "amount": "2000",
            "availFrom":"salem",
            "availTo": "coimbatore"
        },
        {
            "vehicleName": "KPN parcel service",
            "vehicleType": "lorry",
            "vehicleNumber": "KA43 4656",
            "amount": "2000",
            "availFrom":"bangalore",
            "availTo": "salem"
        }
    ]
}

