{
  "users": [
    {
      "id": 1,
      "username": "rabeek",
      "password": "123",
      "firstname": "Mohamed Rabeek",
      "lastname": "Abubakkar",
      "email": "rabeek@gmail.com",
      "gender": "Male"
    },
    {
      "id": 2,
      "username": "ajis",
      "password": "321",
      "firstname": "Abdul Ajis",
      "lastname": "Abubakkar",
      "email": "ajis@gmail.com",
      "gender": "Male"
    }
  ],
  "comments": [
    {
      "id": 1,
      "body": "some comment",
      "postId": 1
    }
  ],
  "profile": {
    "name": "typicode"
  }
}