[
    {
        "name": "SLN Travels",
        "type": "Tata Ace",
        "vehicleNo": "KA 54 8781",
        "availablityFrom": "banglore",
        "availablityTo":"mysore",
        "amount":"8000"
    },
    {
        "name": "KP Travels",
        "type": "Tata 407",
        "vehicleNo": "KA 51 4786",
        "availablityFrom": "tumkur",
        "availablityTo":"banglore",
        "amount":"5000"
    },
    {
        "name": "TN Travels",
        "type": "Eicher",
        "vehicleNo": "KA 52 8847",
        "availablityFrom": "tumkur",
        "availablityTo":"mysore",
        "amount":"11000"
    },
    {
        "name": "LN Travels",
        "type": "Ashok Leyland",
        "vehicleNo": "KA 65 0457",
        "availablityFrom": "banglore",
        "availablityTo":"hyderabad",
        "amount":"13000"
    },
    {
        "name": "SLN Travels",
        "type": "Tata 407",
        "vehicleNo": "KA 54 8789",
        "availablityFrom": "banglore",
        "availablityTo":"mysore",
        "amount":"9000"
    }
]