{
  "$schema": "./node_modules/@angular/cli/lib/config/schema.json",
  "project": {
    "name": "shopi"
  },
  "apps": [
    {
      "root": "src",
      "outDir": "dist",
      "assets": [
        "assets",
        "favicon.ico"
      ],
      "index": "index.html",
      "main": "main.ts",
      "polyfills": "polyfills.ts",
      "test": "test.ts",
      "tsconfig": "tsconfig.app.json",
      "testTsconfig": "tsconfig.spec.json",
      "prefix": "app",
      "styles": [
        "./shopi-theme.scss",
        "../node_modules/bootstrap/dist/css/bootstrap.css",
        "../node_modules/font-awesome/css/font-awesome.css",
        "../src/assets/vendor/revolution-slider/revolution/fonts/pe-icon-7-stroke/css/pe-icon-7-stroke.css",
        "../src/assets/vendor/revolution-slider/revolution/css/settings.css",
        "../src/assets/vendor/revolution-slider/revolution/css/layers.css",
        "../src/assets/vendor/revolution-slider/revolution/css/navigation.css",
        "../src/assets/vendor/slick-carousel/slick/slick.css",
        "../src/assets/vendor/toastr/toastr-customized.css",
        "../src/assets/vendor/nouislider/nouislider-customized.css",
        "../src/assets/js/xzoom/xzoom.css",
        "./styles.scss"
      ],
      "scripts": [
        "../node_modules/jquery/dist/jquery.js",
        "../src/assets/vendor/popper.min.js",
        "../node_modules/bootstrap/dist/js/bootstrap.min.js",
        "../src/assets/vendor/revolution-slider/revolution/js/jquery.themepunch.tools.min.js",
        "../src/assets/vendor/revolution-slider/revolution/js/jquery.themepunch.revolution.min.js",
        
        "../src/assets/vendor/revolution-slider/revolution/js/extensions/revolution.extension.actions.min.js",
        "../src/assets/vendor/revolution-slider/revolution/js/extensions/revolution.extension.carousel.min.js",
        "../src/assets/vendor/revolution-slider/revolution/js/extensions/revolution.extension.kenburn.min.js",
        "../src/assets/vendor/revolution-slider/revolution/js/extensions/revolution.extension.layeranimation.min.js",
        "../src/assets/vendor/revolution-slider/revolution/js/extensions/revolution.extension.migration.min.js",
        "../src/assets/vendor/revolution-slider/revolution/js/extensions/revolution.extension.navigation.min.js",
        "../src/assets/vendor/revolution-slider/revolution/js/extensions/revolution.extension.parallax.min.js",
        "../src/assets/vendor/revolution-slider/revolution/js/extensions/revolution.extension.slideanims.min.js",
        "../src/assets/vendor/revolution-slider/revolution/js/extensions/revolution.extension.video.min.js",
        "../src/assets/vendor/slick-carousel/slick/slick.js",
        "../src/assets/js/hs.core.js",
        "../src/assets/js/components/hs.carousel.js",
        "../src/assets/js/xzoom/xzoom.min.js"
      ],
      "environmentSource": "environments/environment.ts",
      "environments": {
        "dev": "environments/environment.ts",
        "prod": "environments/environment.prod.ts"
      }
    }
  ],
  "e2e": {
    "protractor": {
      "config": "./protractor.conf.js"
    }
  },
  "lint": [
    {
      "project": "src/tsconfig.app.json",
      "exclude": "**/node_modules/**"
    },
    {
      "project": "src/tsconfig.spec.json",
      "exclude": "**/node_modules/**"
    },
    {
      "project": "e2e/tsconfig.e2e.json",
      "exclude": "**/node_modules/**"
    }
  ],
  "test": {
    "karma": {
      "config": "./karma.conf.js"
    }
  },
  "defaults": {
    "styleExt": "scss",
    "component": {}
  }
}
