{
        "MyTravel" : {
          "TravelList" : [ {
      
                     "tasno":1,
                     "traveltype":"Solo Travel",
                      "source":"Australia",
                     "traveldate":"05-04-2019",
                     "status":"pending",
                     "pendingWith":"Project Manager",
                     "actions":""
             },{
      
                     "tasno":2,
                     "traveltype":"Solo Travel",
                      "source":"USA",
                     "traveldate":"06-04-2019",
                     "status":"pending",
                     "pendingWith":"Project Manager",
                     "actions":""
             },{
      
                     "tasno":3,
                     "traveltype":"Travel With Team",
                      "source":"Australia",
                     "traveldate":"07-04-2019",
                     "status":"pending",
                     "pendingWith":"Manager",
                     "actions":""
             },{
      
                     "tasno":4,
                     "traveltype":"Travel With Team",
                      "source":"UK",
                     "traveldate":"08-04-2019",
                     "status":"pending",
                     "pendingWith":"Manager",
                     "actions":""
             },{
      
                     "tasno":5,
                     "traveltype":"Travel With Team",
                      "source":"USA",
                     "traveldate":"09-04-2019",
                     "status":"pending",
                     "pendingWith":"Project Manager",
                     "actions":""
             },{
      
                     "tasno":6,
                     "traveltype":"Solo Travel",
                      "source":"Australia",
                     "traveldate":"10-04-2019",
                     "status":"pending",
                     "pendingWith":"Manager",
                     "actions":""
             }
      
          ],
          "MyApproval":[ {
      
              "tasno":1,
              "traveltype":"Solo Travel",
               "source":"Australia",
              "traveldate":"05-04-2019",
              "status":"pending",
              "pendingWith":"Project Manager",
              "actions":""
      },{
      
              "tasno":2,
              "traveltype":"Solo Travel",
               "source":"USA",
              "traveldate":"06-04-2019",
              "status":"pending",
              "pendingWith":"Project Manager",
              "actions":""
      },{
      
              "tasno":3,
              "traveltype":"Travel With Team",
               "source":"Australia",
              "traveldate":"07-04-2019",
              "status":"pending",
              "pendingWith":"Manager",
              "actions":""
      },{
      
              "tasno":4,
              "traveltype":"Travel With Team",
               "source":"UK",
              "traveldate":"08-04-2019",
              "status":"pending",
              "pendingWith":"Manager",
              "actions":""
      },{
      
              "tasno":5,
              "traveltype":"Travel With Team",
               "source":"USA",
              "traveldate":"09-04-2019",
              "status":"pending",
              "pendingWith":"Project Manager",
              "actions":""
      },{
      
              "tasno":6,
              "traveltype":"Solo Travel",
               "source":"Australia",
              "traveldate":"10-04-2019",
              "status":"pending",
              "pendingWith":"Manager",
              "actions":""
      }
      
      ]
       }
      }